<?xml version="1.0" encoding="UTF-8"?>
<Object>
    <ElementFields>
        <Name Editor="hide" Type="string">Boucle_article</Name>
        <DisplayName Editor="hide" Type="string"/>
        <Version Editor="hide" Type="number">1</Version>
        <Keywords Editor="hide" Type="string"/>
        <Tooltip Editor="hide" Type="string"/>
        <IncomingConnections Editor="hide" RequireAtLeastOne="Yes">Yes</IncomingConnections>
        <OutgoingConnections Editor="hide" RequireAtLeastOne="Yes" DetailedInfo="">Unlimited</OutgoingConnections>
        <ConnectionType Editor="hide">Move</ConnectionType>
        <FunctionsNodeJSScript Editor="hide"/>
        <ExecutionMode Editor="hide">Concurrent</ExecutionMode>
        <NumberOfSlots Editor="hide">Default</NumberOfSlots>
        <ExecutionGroup Editor="hide"/>
        <PerformanceTuning Editor="hide">No</PerformanceTuning>
        <IdleAfterJob Editor="hide">0</IdleAfterJob>
        <PositionInElementPane Editor="hide">Configurators</PositionInElementPane>
        <SubcategoryInElementPane Editor="hide">&lt;ValueDescription Type="stringlist">&lt;Value>Custom&lt;/Value>&lt;/ValueDescription></SubcategoryInElementPane>
        <DispositionInElementPane Editor="hide" Type="number"/>
        <Description Editor="hide" Type="string"/>
        <Compatibility Editor="hide" Type="string"/>
        <SupportInfo Editor="hide" Type="string"/>
        <AppDiscovery Editor="hide" Type="string"/>
        <FlowUpgradeWarning Editor="hide" Type="string"/>
        <UpgradeMaximumVersion Editor="hide" Type="number"/>
        <Connections Editor="hide" Type="string"/>
        <SwitchModule Editor="hide" Type="string"/>
        <ObsoleteProperties Editor="hide" Type="string"/>
        <ObsoleteConnectionProperties Editor="hide" Type="string"/>
    </ElementFields>
    <ConnectionFields/>
    <ExtraProperties/>
</Object>
