<Manifest>
 <ScripterInstanceName>Boucle_article</ScripterInstanceName>
 <SwitchVersion>23.1</SwitchVersion>
 <ScriptPackageFormatVersion>1.0</ScriptPackageFormatVersion>
 <ScriptPasswordProtected>No</ScriptPasswordProtected>
 <ScriptPackageType>Script</ScriptPackageType>
 <ScriptDeclarationFile>Boucle_article.xml</ScriptDeclarationFile>
 <ScriptProgramFiles>
  <ScriptProgramFile ScriptLanguage="NodeJSScript">main.ts</ScriptProgramFile>
 </ScriptProgramFiles>
 <ScriptIconFile/>
 <LocalizationItems/>
</Manifest>
